Image,Code,Rotation
0,9,-1
1,1,0.04223502495256398
2,1,0.0055016500877844016
3,1,0.0027529885448567258
4,1,0.05463499534994646
5,1,0.013585253426507593
6,1,0.009619817044361888
7,1,0.04223501991438165
8,1,0.002437224581646021
9,1,0.010076317236216272
10,1,0.010076317236216272
11,1,0.0027110890609859297
12,1,0.008035844456061696
13,1,0.008687607582295932
14,1,0.005793138056273882
15,1,0.009619818191534051
16,1,0.007752842494905933
17,1,0.029006386435288172
18,1,0.029006386435288172
19,1,0.06363007799939559
20,1,0.004578418691920671
21,1,0.003552373956195313
22,1,0.005793139576402873
23,1,0.007752842494905933
24,1,0.005644973027032469
25,1,0.008687604900771717
26,1,0.0040009636836181375
27,1,0.007602238992644219
28,1,0.009150934621805242
29,1,0.0018896765067412862
30,1,0.012760104919708956
31,1,0.008687606546514237
32,1,0.0027529889348620073
33,1,0.007602241563456042
34,1,0.0012737273642975597
35,1,0.004578419624379287
36,1,0.004578420299190891
37,1,0.0027529889348620073
38,1,0.0022566511209427564
39,1,0.0022566511209427564
40,1,0.06363007535202236
41,1,0.008687605510732544
42,1,0.019630682883701872
43,1,0.01276010339689403
44,1,0.0014174781072430385
45,1,0.054634994442928006
46,1,0.007752843233993243
47,1,0.0028297425633365026
48,1,0.0036064939651879006
49,1,0.01358525554203184
50,1,0.06363007782741131
51,1,0.002752988801520343
52,1,0.0014174781259519865
53,1,0.008687608192250396
54,1,0.012760101874072742
55,1,0.009619815559085072
56,1,0.004000965559688547
57,1,0.007602242321640584
58,1,0.009150937889876214
59,1,0.004578421360476195
60,1,0.0027529895198667494
61,1,0.06363008030280028
62,1,0.008035842409882447
63,1,0.005644974905691824
64,1,0.008035842409882447
65,1,0.0022566522089499004
66,1,0.008035842409882447
67,1,0.008035842409882447
68,1,0.006533582342928397
69,1,0.0024372258806187146
70,1,0.002752990043213696
71,1,0.0022566522089499004
72,1,0.020153983304684844
73,1,0.023896430803115706
74,1,0.04743147782035227
75,1,0.0055016527244233695
76,1,0.0035523712412298576
77,1,0.007752844897981599
78,1,0.0036064949017056013
79,1,0.002752990566560642
80,1,0.005501653463948893
81,1,0.023896430803115706
82,1,0.030405842734730626
83,1,0.023896430803115706
84,1,0.009619810499401764
85,1,0.017693540408712485
86,1,0.007752846654873643
87,1,0.008687610873774608
88,1,0.004000967605446159
89,1,0.07417925117814644
90,1,0.0014174796467203927
91,1,0.008687610873774608
92,1,0.005644977152935572
93,1,0.004578422710099406
94,1,0.06363007022926019
95,1,0.030405842734730626
96,1,0.047431469120967816
97,1,0.010076314428491545
98,1,0.008035840621031333
99,1,0.04223500796107646
100,1,0.002829744541302527
101,1,0.0024372263728959535
102,1,0.002798476052777762
103,1,0.013585259278829661
104,1,0.002256653630610789
105,1,0.002256653630610789
106,1,0.0036064960994369693
107,1,0.001273728181870044
108,1,0.013585261605280105
109,1,0.020153978060164193
110,1,0.007752848411759328
111,1,0.0036064960994369693
112,1,0.023896427714889878
113,1,0.005644977152935572
114,1,0.07417926008398582
115,1,0.0024372256789480314
116,1,0.009150938981530299
117,1,0.009619813602832681
118,1,0.0014174788769817156
119,1,0.0036064947328795934
120,1,0.004000966821081826
121,1,0.0028297438176166983
122,1,0.0076022440602112685
123,1,0.0055016527244233695
124,1,0.004000966974749519
125,1,0.07417926211315762
126,1,0.005793135357574741
127,1,0.017693540408712485
128,1,0.009619810499401764
129,1,0.007752846654873643
130,1,0.0029069844931770374
131,1,0.04223501616051331
132,1,0.004000967605446159
133,1,0.008687610873774608
134,1,0.008035840621031333
135,1,0.0035523706462905957
136,1,0.0024372263728959535
137,1,0.0012737280035983892
138,1,0.006533583149007474
139,1,0.010076313225424575
140,1,0.04471893234409952
141,1,0.007752845729972597
142,1,0.008035839662276922
143,1,0.002256652887542884
144,1,0.005501653547562645
145,1,0.00400096712841721
146,1,0.010189368961449346
147,1,0.002752990761560102
148,1,0.009619811308475631
149,1,0.013585259278829661
150,1,0.009619811308475631
151,1,0.06363007270464917
152,1,0.004000966974749519
153,1,0.013585256952379218
154,1,0.002829743480113792
155,1,0.005644974981785682
156,1,0.06363007270464917
157,1,0.004000966344052878
158,1,0.004000965713356238
159,1,0.01018937017710781
160,1,0.008687607156468703
161,1,0.002437223911528841
162,1,0.04743147782035227
163,1,0.020153983304684844
164,1,0.0035523728551098027
165,1,0.008687608192250396
166,1,0.047431474785780484
167,1,0.0028297430939308696
168,1,0.0027529893248672897
169,1,0.020153985712536435
170,1,0.047431474785780484
171,1,0.02389643365757959
172,1,0.012760104128791895
173,1,0.002437223709851797
174,1,0.01963068333966023
175,1,0.0012737272643728113
176,1,0.013585253920751906
177,1,0.009150937072861654
178,1,0.003606492936276181
179,1,0.013585253920751906
180,1,0.03040584636689221
181,1,0.002437223709851797
182,1,0.006533582315957505
183,1,0.01018937340702784
184,1,0.07417927101899062
185,1,0.02389643674579905
186,1,0.006167957606792613
187,1,0.04223501803744748
188,1,0.023896436512037107
189,1,0.04223501803744748
190,1,0.07417927992483635
191,1,0.005644973255326767
192,1,0.005644972506247637
193,1,0.007602240657139221
194,1,0.002829742370245041
195,1,0.04743148045059315
196,1,0.0014174777317281738
197,1,0.013585250889130955
198,1,0.003606493366322217
199,1,0.047431474785780484
200,1,0.002711089129635157
201,1,0.007752842309098556
202,1,0.012760106383511051
203,1,0.009150935164193005
204,1,0.002256651056467835
205,1,0.010076319640663927
206,1,0.00550164968272661
207,1,0.0076022414893930825
208,1,0.002256651056467835
209,1,0.0076022414893930825
210,1,0.004000964775324215
211,1,0.012760107906325978
212,1,0.008687603652082772
213,1,0.007602238918574898
214,1,0.002906982844795474
215,1,0.0055016495991128565
216,1,0.04743148045059315
217,1,0.004000964144627575
218,1,0.020153985712536435
219,1,0.003606492767456534
220,1,0.004000964144627575
221,1,0.003606492767456534
222,1,0.00775284147710756
223,1,0.0018896760547673778
224,1,0.0018012263959811515
225,1,0.009150935164193005
226,1,0.005501651161771294
227,1,0.002752988801520343
228,1,0.002711089129635157
229,1,0.029006386184171267
230,1,0.008035843368636856
231,1,0.004578420556837904
232,1,0.020153985712536435
233,1,0.006533582288992977
234,1,0.0018896764895269885
235,1,0.009619815559085072
236,1,0.002752989848214236
237,1,0.007602243227957405
238,1,0.0027529893248672897
239,1,0.00457842123165587
240,1,0.0022566520042396395
241,1,0.00360649413401391
242,1,0.004578421360476195
243,1,0.06363007022926019
244,1,0.008687609015118473
245,1,0.008687609015118473
246,1,0.0024372258806187146
247,1,0.017693540408712485
248,1,0.007752846654873643
249,1,0.04471893770907956
250,1,0.005644977152935572
251,1,0.0014174794589629604
252,1,0.023896430803115706
253,1,0.004000967605446159
254,1,0.06363006263110908
255,1,0.0024372273574377098
256,1,0.002829745071896894
257,1,0.013585261605280105
258,1,0.002829745071896894
259,1,0.005501655026600968
260,1,0.010189366947194141
261,1,0.06363007270464917
262,1,0.0027110910795123963
263,1,0.030405839102562688
264,1,0.02389642794865182
265,1,0.004578423513737698
266,1,0.009150942524228071
267,1,0.020153980896826885
268,1,0.0018896777766042462
269,1,0.005644977229035792
270,1,0.009619807395977209
271,1,0.007602246631029454
272,1,0.0027110910795123963
273,1,0.047431472155539604
274,1,0.008687613555292462
275,1,0.005644978727200409
276,1,0.020153980896826885
277,1,0.020153980896826885
278,1,0.002829745071896894
279,1,0.019630675821497003
280,1,0.004578424188549303
281,1,0.02389642794865182
282,1,0.019630675821497003
283,1,0.002829745071896894
284,1,0.004578422838926093
285,1,0.0012737278253203736
286,1,0.04223501616051331
287,1,0.002829744541302527
288,1,0.030405839102562688
289,1,0.004578423513737698
290,1,0.020153980896826885
291,1,0.0027110905602059027
292,1,0.01358525998400017
293,1,0.00760224572470627
294,1,0.001417479853186773
295,1,0.01358525998400017
296,1,0.0027110910795123963
297,1,0.01358525998400017
298,1,0.0014174800409442055
299,1,0.01358525998400017
300,1,0.005793133905758792
301,1,0.030405839102562688
302,1,0.030405839102562688
303,1,0.007752847486864641
304,1,0.01358525998400017
305,1,0.01358525998400017
306,1,0.0036064962682629768
307,1,0.0018012232071473852
308,1,0.04223501112233099
309,1,0.01358525998400017
310,1,0.003606496867128661
311,1,0.0024372270668438765
312,1,0.010076313225424575
313,1,0.002829745071896894
314,1,0.007602246631029454
315,1,0.004000968236142799
316,1,0.007752846654873643
317,1,0.0024372268651668316
318,1,0.002829744541302527
319,1,0.04471893234409952
320,1,0.047431472155539604
321,1,0.030405839102562688
322,1,0.004578424188549303
323,1,0.010189366947194141
324,1,0.0027529912849070487
325,1,0.0027529912849070487
326,1,0.009150942524228071
327,1,0.0024372265745666367
328,1,0.004578424188549303
329,1,0.02389642794865182
330,1,0.030405839102562688
331,1,0.010076313225424575
332,1,0.009619809352223238
333,1,0.047431472155539604
334,1,0.0014174794776719087
335,1,0.04471894082932938
336,1,0.002829744541302527
337,1,0.047431472155539604
338,1,0.030405839102562688
339,1,0.009619811308475631
340,1,0.005644977229035792
341,1,0.030405839102562688
342,1,0.004578422838926093
343,1,0.002829744541302527
344,1,0.07417926211315762
345,1,0.002752990566560642
346,1,0.002752990566560642
347,1,0.005501653463948893
348,1,0.006533583149007474
349,1,0.005793136117639236
350,1,0.003606495500571285
351,1,0.0056449764799503
352,1,0.0014174796654293409
353,1,0.002711091598812529
354,1,0.004578423513737698
355,1,0.04223501616051331
356,1,0.003606495500571285
357,1,0.0035523712412298576
358,1,0.009619812455654153
359,1,0.017693540408712485
360,1,0.0035523712412298576
361,1,0.00760224489245877
362,1,0.0018012238461800791
363,1,0.0040009688668394385
364,1,0.023896427714889878
365,1,0.013585260900103235
366,1,0.005501654203468055
367,1,0.020153980468015788
368,1,0.0012737285123061994
369,1,0.008687610873774608
370,1,0.0014174796467203927
371,1,0.013585259278829661
372,1,0.005793136117639236
373,1,0.04471893234409952
374,1,0.003606496698302653
375,1,0.009150941707213507
376,1,0.005501654203468055
377,1,0.008687610873774608
378,1,0.002829744878805433
379,1,0.04471893770907956
380,1,0.010076314428491545
381,1,0.009619812455654153
382,1,0.0014174796467203927
383,1,0.0035523712412298576
384,1,0.008035840621031333
385,1,0.04471893770907956
386,1,0.0035523712412298576
387,1,0.009619812455654153
388,1,0.002256653630610789
389,1,0.020153983304684844
390,1,0.005644977152935572
391,1,0.05463499071134027
392,1,0.05463499071134027
393,1,0.019630680985589816
394,1,0.04223500796107646
395,1,0.002829745071896894
396,1,0.002829745602491261
397,1,0.0012737285384260754
398,1,0.0029069844931770374
399,1,0.003606496698302653
400,1,0.019630680985589816
401,1,0.008035840621031333
402,1,0.007602245798775591
403,1,0.002829744878805433
404,1,0.002798476582016502
405,1,0.0035523712412298576
406,1,0.001801224270091974
407,1,0.004578423513737698
408,1,0.004578423513737698
409,1,0.01276009882844289
410,1,0.004578423513737698
411,1,0.017693540952032013
412,1,0.002711091598812529
413,1,0.01963067863151941
414,1,0.04471893234409952
415,1,0.0056449779781149205
416,1,0.029006379223526557
417,1,0.005501655026600968
418,1,0.0027110910795123963
419,1,0.013585257657549726
420,1,0.010076314026907125
421,1,0.003552370393220652
422,1,0.01358526068917704
423,1,0.063630067581887
424,1,0.009150943341248996
425,1,0.001801223839837654
426,1,0.004000969804871462
427,1,0.007602246556960134
428,1,0.0028297459886805452
429,1,0.003552370393220652
430,1,0.005793135494194461
431,1,0.006533584009021971
432,1,0.004578423096573104
433,1,0.042235014283579154
434,1,0.01358526068917704
435,1,0.009150943341248996
436,1,0.007602246556960134
437,1,0.005644978130308997
438,1,0.004578424446196315
439,1,0.008687613342378846
440,1,0.007602246556960134
441,1,0.008687613342378846
442,1,0.010189368544393987
443,1,0.010189368544393987
444,1,0.008035839533612855
445,1,0.005501655933353996
446,1,0.00915094224959491
447,1,0.010189366530138782
448,1,0.063630067581887
449,1,0.006533584009021971
450,1,0.009150943341248996
451,1,0.0028297454580861786
452,1,0.023896425327956248
453,1,0.04031223848085688
454,1,0.10203991284961919
455,1,0.11698580947340632
456,1,0.021991080598578853
457,1,0.018693777320290837
458,1,0.0037833515855444496
459,1,0.10967798742860642
460,1,0.005352465442463366
461,1,0.011957547570642445
462,1,0.012908199319090909
463,1,0.018693773983665677
464,1,0.005352467120804986
465,1,0.09664238929194174
466,1,0.0026933130429848576
467,1,0.01145285371883095
468,1,0.003783350847096303
469,1,0.011957550042859666
470,1,0.10203989938391246
471,1,0.05493102298736061
472,1,0.02199107028046754
473,1,0.005352467807915129
474,1,0.07549738338385713
475,1,0.012663527792275005
476,1,0.005352465442463366
477,1,0.018693777320290837
478,1,0.027909221831216677
479,1,0.0016089309910015883
480,1,0.012908199672363696
481,1,0.11698579610493653
482,1,0.0016089309910015883
483,1,0.018693777320290837
484,1,0.012750091374245733
485,1,0.018459129690667545
486,1,0.0037833515855444496
487,1,0.012908199672363696
488,1,0.03274160692568168
489,1,0.004529777080393418
490,1,0.0757031314475932
491,1,0.011957550847316348
492,1,0.02199107360746544
493,1,0.005352466129567148
494,1,0.07570314310999497
495,1,0.0037833523239925964
496,1,0.001608930157508089
497,1,0.01742909254467783
498,1,0.0037833515855444496
499,1,0.005352465442463366
500,1,0.07570314158570995
501,1,0.011938952866857994
502,1,0.018693773983665677
503,1,0.021991077271580957
504,1,0.005352465442463366
505,1,0.09664238966360852
506,1,0.017429089212068264
507,1,0.007391183338393231
508,1,0.03274160374561647
509,1,0.018693770678987073
510,1,0.00378334861745821
511,1,0.005352462389907822
512,1,0.0016089335064116755
513,1,0.05493102298736061
514,1,0.10967800165955764
515,1,0.012750085166587485
516,1,0.09664238929194174
517,1,0.007391185260467407
518,1,0.012908196031202692
519,1,0.0754973919107924
520,1,0.011938949192575515
521,1,0.0129081956779299
522,1,0.012750084443960717
523,1,0.10203991268463865
524,1,0.011938952061682653
525,1,0.004529772634956532
526,1,0.005352463381139298
527,1,0.007391182118973096
528,1,0.012750087367142691
529,1,0.01845912955331254
530,1,0.08475779558242945
531,1,0.05493103570399863
532,1,0.0072387409110578485
533,1,0.10203992593038196
534,1,0.10967801671147662
535,1,0.11698582805755858
536,1,0.021991084936942327
537,1,0.10967798907053548
538,1,0.007391183431340386
539,1,0.0327415991588744
540,1,0.07570314715097806
541,1,0.01193894838740017
542,1,0.007391180899552961
543,1,0.01193894838740017
544,1,0.10967798907053548
545,1,0.012908194971390681
546,1,0.11698584316459773
547,1,0.0026933155920184516
548,1,0.007391180289846075
549,1,0.01145284634856975
550,1,0.07549738733417109
551,1,0.01145284634856975
552,1,0.011957539810603253
553,1,0.11698581468908874
554,1,0.0037833456636656216
555,1,0.08475779349090623
556,1,0.10681957938691694
557,1,0.012663534714273613
558,1,0.011957539810603253
559,1,0.011957539810603253
560,1,0.021991081609944424
561,1,0.01845912617148312
562,1,0.09664238780527461
563,1,0.07549738733417109
564,1,0.10681957938691694
565,1,0.01275008372134031
566,1,0.075497398912183
567,1,0.007238740295041539
568,1,0.006308448711443879
569,1,0.11698584316459773
570,1,0.018693767246522212
571,1,0.018693767246522212
572,1,0.004529771203260336
573,1,0.011957540212831594
574,1,0.001608934324975585
575,1,0.004529771919111615
576,1,0.01290819532466347
577,1,0.012750087005829308
578,1,0.002693314705521976
579,1,0.02199108127282045
580,1,0.011452850033703532
581,1,0.002693314705521976
582,1,0.005352462694035517
583,1,0.011452846774855332
584,1,0.02790923167725424
585,1,0.011957543087277155
586,1,0.018693767246522212
587,1,0.011938945518293035
588,1,0.004529771203260336
589,1,0.007238740295041539
590,1,0.021991081609944424
591,1,0.03274159102533653
592,1,0.0037833456636656216
593,1,0.0016089351584754454
594,1,0.017429079108457587
595,1,0.01869377055120081
596,1,0.011452846774855332
597,1,0.012908194971390681
598,1,0.01193894838740017
599,1,0.005352462006925373
600,1,0.007238740295041539
601,1,0.007391180899552961
602,1,0.09664238780527461
603,1,0.001608933476552496
604,1,0.012908192036775257
605,1,0.01145284960741795
606,1,0.10967798907053548
607,1,0.01193894838740017
608,1,0.04031223239526546
609,1,0.012663532163153843
610,1,0.007391183431340386
611,1,0.011957540212831594
612,1,0.011957543087277155
613,1,0.09664237523660231
614,1,0.012908192390048047
615,1,0.011452847201140912
616,1,0.102039912629643
617,1,0.017429085667869285
618,1,0.007391184041047275
619,1,0.002693314705521976
620,1,0.007238736486460707
621,1,0.003783349370206371
622,1,0.012750087367142691
623,1,0.00739118465075416
624,1,0.004529774932845942
625,1,0.01742908900047885
626,1,0.012663527060907946
627,1,0.04031223836569848
628,1,0.0063084473235894166
629,1,0.11698581295052583
630,1,0.005352463381139298
631,1,0.09664237560826909
632,1,0.0016089318095654974
633,1,0.003783349370206371
634,1,0.01145285286625979
635,1,0.0016089334914820858
636,1,0.007238736486460707
637,1,0.0063084473235894166
638,1,0.017429085773670354
639,1,0.003783349370206371
640,1,0.054931018052198965
641,1,0.0053524657465910605
642,1,0.012750090290318305
643,1,0.07549737880723581
644,1,0.0016089318095654974
645,1,0.012908198612551687
646,1,0.07549737880723581
647,1,0.017429088894677786
648,1,0.017429088894677786
649,1,0.012908198259278896
650,1,0.0016089309611424085
651,1,0.01145285243997421
652,1,0.012908197906006107
653,1,0.1096780033014931
654,1,0.011957545559500737
655,1,0.032741604112340714
656,1,0.01145284918113237
657,1,0.005352462006925373
658,1,0.005352464372377136
659,1,0.011957545559500737
660,1,0.012750089206384513
661,1,0.018693770519260605
662,1,0.01145284918113237
663,1,0.012750089206384513
664,1,0.11698582979612789
665,1,0.032741595978802836
666,1,0.10681956605779448
667,1,0.011957545157272395
668,1,0.018693770487314038
669,1,0.10203991246466886
670,1,0.012663531431786784
671,1,0.012750088845071129
672,1,0.07549738428308808
673,1,0.003783346416413783
674,1,0.012663533982906554
675,1,0.01845912607990675
676,1,0.01145284832856121
677,1,0.0072387390630025555
678,1,0.017429078896861815
679,1,0.011938947582218471
680,1,0.005352460632711449
681,1,0.003783346416413783
682,1,0.012908188395614249
683,1,0.01869376718262908
684,1,0.017429078896861815
685,1,0.03274159279873762
686,1,0.003783346416413783
687,1,0.10681957985279557
688,1,0.00452976977155778
689,1,0.01845912937017253
690,1,0.007238741583309282
691,1,0.10203992576540141
692,1,0.012663533982906554
693,1,0.0016089351435458557
694,1,0.07570315424053117
695,1,0.004529769055706501
696,1,0.012750082637406516
697,1,0.011957536131694644
698,1,0.012750082637406516
699,1,0.011452845495998589
700,1,0.012663533982906554
701,1,0.007391181602213365
702,1,0.005352462311053068
703,1,0.01275008556058213
704,1,0.027909233888545458
705,1,0.012908190976963246
706,1,0.0037833479076100915
707,1,0.07549739433556168
708,1,0.01869376384600391
709,1,0.01193894431052684
710,1,0.01869376715068251
711,1,0.012750082637406516
712,1,0.006308447844487334
713,1,0.011452845495998589
714,1,0.07570315424053117
715,1,0.10967800412245444
716,1,0.01869376715068251
717,1,0.0016089359770393545
718,1,0.032741589618666044
719,1,0.10203993906614038
720,1,0.018693763814057348
721,1,0.08475779035361826
722,1,0.07570316437865429
723,1,0.02199108561119028
724,1,0.01145284506971301
725,1,0.01742907545845754
726,1,0.10203992571041215
727,1,0.01145284223715039
728,1,0.007391178460719053
729,1,0.01145284223715039
730,1,0.004529768339855222
731,1,0.10203992571041215
732,1,0.0026933157576958387
733,1,0.03274159457213235
734,1,0.11698584664172997
735,1,0.01266353908515245
736,1,0.018459125988336746
737,1,0.02790923825874144
738,1,0.01195753532723796
739,1,0.0045297676240039445
740,1,0.07570316285436927
741,1,0.011938943505345138
742,1,0.0045297676240039445
743,1,0.02199108927531216
744,1,0.003783344939517489
745,1,0.005352459258497523
746,1,0.011938943907935989
747,1,0.018693767118742308
748,1,0.012663533617229383
749,1,0.011938946777036765
750,1,0.012663533617229383
751,1,0.001608934295122766
752,1,0.007238740967292969
753,1,0.011957538603918226
754,1,0.08475779035361826
755,1,0.007391180992500117
756,1,0.007391180992500117
757,1,0.011938946777036765
758,1,0.004529770637744633
759,1,0.011938946777036765
760,1,0.011957538603918226
761,1,0.08475779035361826
762,1,0.005352459945607666
763,1,0.011957538603918226
764,1,0.11698583153469082
765,1,0.012750082637406516
766,1,0.001608934295122766
767,1,0.012750082637406516
768,1,0.004529769055706501
769,1,0.011957536131694644
770,1,0.005352458267259686
771,1,0.017429075670053317
772,1,0.011938944713117693
773,1,0.10203991246466886
774,1,0.012750085921895516
775,1,0.017429078896861815
776,1,0.012750085921895516
777,1,0.011452845922284169
778,1,0.01869376718262908
779,1,0.004529767473674729
780,1,0.027909237153095828
781,1,0.011957539006146567
782,1,0.01742907879106711
783,1,0.10203992576540141
784,1,0.09664238706194742
785,1,0.03274159279873762
786,1,0.017429082123670312
787,1,0.006308447150556924
788,1,0.07570314410240803
789,1,0.05493102830125615
790,1,0.011957539408374908
791,1,0.01290819426485146
792,1,0.021991078282952888
793,1,0.10967798989149685
794,1,0.018693770487314038
795,1,0.012750085921895516
796,1,0.012750085921895516
797,1,0.012663534348590081
798,1,0.017429078896861815
799,1,0.0016089359919689444
800,1,0.05493102070914991
801,1,0.021991081609944424
802,1,0.0127500862832089
803,1,0.0847577812185806
804,1,0.027909228412703872
805,1,0.017429079108457587
806,1,0.012750086644515922
807,1,0.0327415991588744
808,1,0.007391180899552961
809,1,0.011957540212831594
810,1,0.0037833464021137684
811,1,0.0327415942054081
812,1,0.003783348631758224
813,1,0.012750087005829308
814,1,0.005352462694035517
815,1,0.10967798907053548
816,1,0.01869377055120081
817,1,0.006308448219989096
818,1,0.10203991257465377
819,1,0.017429082335266088
820,1,0.08475778226433903
821,1,0.10681956559190948
822,1,0.09664237523660231
823,1,0.007391183431340386
824,1,0.01193894838740017
825,1,0.007391183431340386
826,1,0.10203991257465377
827,1,0.012908194971390681
828,1,0.08475778226433903
829,1,0.10681956559190948
830,1,0.007238738390751122
831,1,0.01145284960741795
832,1,0.09664237523660231
833,1,0.003783348631758224
834,1,0.004529774216994665
835,1,0.011452850033703532
836,1,0.011938951659091802
837,1,0.10681956559190948
838,1,0.0016089309611424085
839,1,0.003783350861396317
840,1,0.027909224042507896
841,1,0.011938948789991027
842,1,0.004529774216994665
843,1,0.003783350861396317
844,1,0.007238738390751122
845,1,0.027909224042507896
846,1,0.004529771919111615
847,1,0.05493102564430521
848,1,0.10681956559190948
849,1,0.018693770583147376
850,1,0.003783348631758224
851,1,0.08475778226433903
852,1,0.01145284960741795
853,1,0.012663532163153843
854,1,0.007391183431340386
855,1,0.017429082335266088
856,1,0.012750086644515922
857,1,0.10681955226279341
858,1,0.012750086644515922
859,1,0.1020398992189319
860,1,0.005352462694035517
861,1,0.012663532163153843
862,1,0.007238735870444395
863,1,0.01742908556207458
864,1,0.07549737728169749
865,1,0.011938951256500949
866,1,0.011452846774855332
867,1,0.011957543087277155
868,1,0.005352462694035517
869,1,0.012663532163153843
870,1,0.01742908556207458
871,1,0.10967798907053548
872,1,0.012908192390048047
873,1,0.03274160233893962
874,1,0.0053524650594872795
875,1,0.03274160233893962
876,1,0.011452850033703532
877,1,0.011452850033703532
878,1,0.012908198259278896
879,1,0.012750087005829308
880,1,0.10203991257465377
881,1,0.07549737728169749
882,1,0.003783348631758224
883,1,0.007391184041047275
884,1,0.007238735870444395
885,1,0.012908198259278896
886,1,0.017429088894677786
887,1,0.017429085667869285
888,1,0.011938951659091802
889,1,0.012908198259278896
890,1,0.027909224042507896
891,1,0.01145285243997421
892,1,0.004529773501143385
893,1,0.011452846774855332
894,1,0.007238735870444395
895,1,0.01742908244106079
896,1,0.10681956559190948
897,1,0.007238735870444395
898,1,0.007391184041047275
899,1,0.0053524650594872795
900,1,0.018693773887832336
901,1,0.0053524650594872795
902,1,0.012663529246350544
903,1,0.10967798907053548
904,1,0.018693770583147376
905,1,0.11990119702659952
906,1,0.11990119702659952
907,1,0.11990119702659952
908,1,0.022521357423890147
909,1,0.1422827320789724
910,1,0.0003073829518805859
911,1,0.00471105273687273
912,1,0.1385455876102425
913,1,0.00030737553127094464
914,1,0.00030737553127094464
915,1,0.1385455876102425
916,1,0.00030737553127094464
917,1,0.035072153584627924
918,1,0.05578478414909586
919,1,0.13613137955606572
920,1,0.036777383458959916
921,1,0.13613137955606572
922,1,0.09962574748766183
923,1,0.09962574748766183
924,1,0.036777385582301335
925,1,0.004715298215457023
926,1,0.12486082540949844
927,1,0.026413043155994926
928,1,0.1385455669169046
929,1,0.16051325806290567
930,1,0.12795137658158937
931,1,0.031449750079368344
932,1,0.12486082540949844
933,1,0.022521356679749742
934,1,0.00471104940849996
935,1,0.02678816014951767
936,1,0.024552026629634037
937,1,0.017165703345746366
938,1,0.011324297688277725
939,1,0.12795139614113965
940,1,0.004715294993753152
941,1,0.01497806499914362
942,1,0.0557847721032451
943,1,0.1385455876102425
944,1,0.013542897230963321
945,1,0.004715294993753152
946,1,0.13613137955606572
947,1,0.12795136377226404
948,1,0.12486079355451336
949,1,0.1890657699661747
950,1,0.1385455669169046
951,1,0.02678815024813079
952,1,0.008244665662009886
953,1,0.057769131594446015
954,1,0.024552026629634037
955,1,0.013542900235753828
956,1,0.013542891440032007
957,1,0.01132429462135071
958,1,0.057769142647762624
959,1,0.03144974771897013
960,1,0.12486081261947926
961,1,0.004715294993753152
962,1,0.026413040590862195
963,1,0.0003073829518805859
964,1,0.004248433244411717
965,1,0.13613137955606572
966,1,0.1385455876102425
967,1,0.024552033719588667
968,1,0.12486081261947926
969,1,0.057769142647762624
970,1,0.09962574748766183
971,1,0.09962574748766183
972,1,0.1422827445591516
973,1,0.16051325806290567
974,1,0.008244665662009886
975,1,0.026413043155994926
976,1,0.02678816014951767
977,1,0.02678816014951767
978,1,0.031449750079368344
979,1,0.09962576065872514
980,1,0.09962576065872514
981,1,0.011324291305309505
982,1,0.12795137658158937
983,1,0.009672273407688605
984,1,0.013542894444822514
985,1,0.017165697136642608
986,1,0.031449742146912464
987,1,0.13613137169966147
988,1,0.12486080634452619
989,1,0.18906578093644122
990,1,0.0003073689456905203
991,1,0.13613137169966147
992,1,0.12486080634452619
993,1,0.0003073763663001615
994,1,0.18906578093644122
995,1,0.12486083819951127
996,1,0.12486080634452619
997,1,0.12486080634452619
998,1,0.11990119140011087
999,1,0.00824467711521711
1000,1,0.013874465828893635
1001,1,0.02252135519146893
1002,1,0.026413048286260378
1003,1,0.0996257577922976
1004,1,0.004715304658871125
1005,1,0.026413048286260378
1006,1,0.057769133752770346
1007,1,0.14228273575483555
1008,1,0.026413048286260378
1009,1,0.057769133752770346
1010,1,0.12486081913453898
1011,1,0.011324312524690773
1012,1,0.00030736152508724015
1013,1,0.09962574462122793
1014,1,0.004711046080120829
1015,1,0.03507214743772543
1016,1,0.03507214743772543
1017,1,0.14228272327464997
1018,1,0.16051327004817542
1019,1,0.011324306390836751
1020,1,0.12795135702204535
1021,1,0.0577691216203011
1022,1,0.00471529669784376
1023,1,0.12486081913453898
1024,1,0.03507213909188786
1025,1,0.09962572858372436
1026,1,0.008244680261198538
1027,1,0.02641305818276959
1028,1,0.16051328203343887
1029,1,0.014978064961578797
1030,1,0.03507213909188786
1031,1,0.02641305818276959
1032,1,0.004715304658871125
1033,1,0.013874460034525785
1034,1,0.009672266899940883
1035,1,0.004248423240774789
1036,1,0.0003073730735163104
1037,1,0.16051324656176363
1038,1,0.00030736565290666925
1039,1,0.02252135296729472
1040,1,0.055784775672697476
1041,1,0.02252135296729472
1042,1,0.03677737915530858
1043,1,0.013542906245347564
1044,1,0.0096722700744183
1045,1,0.03507213909188786
1046,1,0.02455202216918171
1047,1,0.014978064961578797
1048,1,0.18906575420701316
1049,1,0.12486081913453898
1050,1,0.14228273575483555
1051,1,0.03144974450731705
1052,1,0.13854555870997365
1053,1,0.18906575420701316
1054,1,0.12486081913453898
1055,1,0.14228273575483555
1056,1,0.14228273575483555
1057,1,0.004715304658871125
1058,1,0.004715304658871125
1059,1,0.1199012043732822
1060,1,0.009672266899940883
1061,1,0.004248423240774789
1062,1,0.02641305561763686
1063,1,0.013542897449619382
1064,1,0.12486081913453898
1065,1,0.02678815533605189
1066,1,0.024552031888644993
1067,1,0.017165700024001623
1068,1,0.01132430332390974
1069,1,0.09962574462122793
1070,1,0.013874465828893635
1071,1,0.12795138939091463
1072,1,0.13613138423429366
1073,1,0.013542906245347564
1074,1,0.004248430240177591
1075,1,0.00471529669784376
1076,1,0.12486081913453898
1077,1,0.03507213909188786
1078,1,0.18906575420701316
1079,1,0.12795136983137062
1080,1,0.0042484199062249066
1081,1,0.01132431534250359
1082,1,0.13613138423429366
1083,1,0.13613138423429366
1084,1,0.004715304658871125
1085,1,0.013874460034525785
1086,1,0.011324312524690773
1087,1,0.00824468542243019
1088,1,0.11990119140011087
1089,1,0.13613137169966147
1090,1,0.02641305561763686
1091,1,0.0047153093981882575
1092,1,0.18906578093644122
1093,1,0.017165690927538838
1094,1,0.12486081913453898
1095,1,0.02455202216918171
1096,1,0.12486081913453898
1097,1,0.12486081913453898
1098,1,0.008244680261198538
1099,1,0.02455202216918171
1100,1,0.011324318658544791
1101,1,0.03677737915530858
1102,1,0.09962574462122793
1103,1,0.017165690927538838
1104,1,0.18906578093644122
1105,1,0.13854557940331153
1106,1,0.0367773770319608
1107,1,0.12486080634452619
1108,1,0.017165697136642608
1109,1,0.09962576065872514
1110,1,0.004711035551033641
1111,1,0.011324315840731977
1112,1,0.01497806200607007
1113,1,0.11990119140011087
1114,1,0.12795137658158937
1115,1,0.035072136892940045
1116,1,0.009672260709785307
1117,1,0.035072136892940045
1118,1,0.004711032222660873
1119,1,0.01497806200607007
1120,1,0.035072136892940045
1121,1,0.026413065514152435
1122,1,0.18906574323674027
1123,1,0.02455201953967305
1124,1,0.0047153093981882575
1125,1,0.0047153093981882575
1126,1,0.02252134703891252
1127,1,0.004248419575915511
1128,1,0.004248419575915511
1129,1,0.00824468542243019
1130,1,0.13613137169966147
1131,1,0.13613137169966147
1132,1,0.0003073541044775989
1133,1,0.05776912054113574
1134,1,0.12486080634452619
1135,1,0.12486080634452619
1136,1,0.01354291203627888
1137,1,0.013874457522011227
1138,1,0.12795137658158937
1139,1,0.026788142890707644
1140,1,0.009672260709785307
1141,1,0.14228272327464997
1142,1,0.00824468542243019
1143,1,0.0367773770319608
1144,1,0.09962576065872514
1145,1,0.035072145238783985
1146,1,0.12795136377226404
1147,1,0.14228271079446436
1148,1,0.055784785338911194
1149,1,0.017165694249277223
1150,1,0.12486079355451336
1151,1,0.055784785338911194
1152,1,0.036777374908619376
1153,1,0.1361313591650229
1154,1,0.05578479738476195
1155,1,0.004715314137511751
1156,1,0.026413062949019708
1157,1,0.011324328108440009
1158,1,0.013874454624827302
1159,1,0.02641307284553528
1160,1,0.036777374908619376
1161,1,0.1385455669169046
1162,1,0.022521347783052925
1163,1,0.11990117842693958
1164,1,0.026413062949019708
1165,1,0.011324328108440009
1166,1,0.13613139209069794
1167,1,0.01387445500949031
1168,1,0.18906575899590186
1169,1,0.03144975801183059
1170,1,0.09962574748766183
1171,1,0.09962574748766183
1172,1,0.03144976830469106
1173,1,0.00967226102737109
1174,1,0.18906575899590186
1175,1,0.18906575899590186
1176,1,0.004248419245606113
1177,1,0.12486081261947926
1178,1,0.00030736069005166214
1179,1,0.01354291482241969
1180,1,0.026413067715276187
1181,1,0.11990116545377463
1182,1,0.09962576352516543
1183,1,0.18906578572533625
1184,1,0.12486083168445153
1185,1,0.004711042207791903
1186,1,0.011324313272033351
1187,1,0.11990119702659952
1188,1,0.013874458291343605
1189,1,0.1422827320789724
1190,1,0.024552024000119018
1191,1,0.008244679130460978
1192,1,0.18906575899590186
1193,1,0.1605132815493174
1194,1,0.01132431302291916
1195,1,0.057769119461970386
1196,1,0.13613139209069794
1197,1,0.035072145238783985
1198,1,0.013542909031482012
1199,1,0.1361313591650229
1200,1,0.13613139209069794
1201,1,0.036777385582301335
1202,1,0.1890657699661747
1203,1,0.011324321974585992
1204,1,0.035072145238783985
1205,1,0.1385455669169046
1206,1,0.00967226404304925
1207,1,0.008244682276442403
1208,1,0.03144976037223517
1209,1,0.13613139209069794
1210,1,0.03144976037223517
1211,1,0.013542903240550696
1212,1,0.036777387705649124
1213,1,0.004248419575915511
1214,1,0.026788152792088158
1215,1,0.01497807091014835
1216,1,0.12486080634452619
1217,1,0.13613137169966147
1218,1,0.009672263884256358
1219,1,0.12795137658158937
1220,1,0.02252134703891252
1221,1,0.12486080634452619
1222,1,0.0047110391513908514
1223,1,0.00824468542243019
1224,1,0.18906578093644122
1225,1,0.004711032222660873
1226,1,0.01354291203627888
1227,1,0.1385455462235731
1228,1,0.12795137658158937
1229,1,0.004248426575318312
1230,1,0.024552029259136333
1231,1,0.009672267058733775
1232,1,0.13613137169966147
1233,1,0.02252134703891252
1234,1,0.009672263884256358
1235,1,0.01497806200607007
1236,1,0.004248419575915511
1237,1,0.14228272327464997
1238,1,0.1890657699661747
1239,1,0.004248422910459032
1240,1,0.011324309955992148
1241,1,0.02678815760555394
1242,1,0.18906575899590186
1243,1,0.03144976830469106
1244,1,0.1385455876102425
1245,1,0.00030736069005166214
1246,1,0.00030736069005166214
1247,1,0.11990119702659952
1248,1,0.03507214303983617
1249,1,0.024552024000119018
1250,1,0.01716570045838099
1251,1,0.18906578572533625
1252,1,0.1890657480256226
1253,1,0.03677738133561213
1254,1,0.00824467598447319
1255,1,0.14228269831427873
1256,1,0.1422827320789724
1257,1,0.0047110388794127725
1258,1,0.13854555443050404
1259,1,0.13613137955606572
1260,1,0.01497806499914362
1261,1,0.01716570045838099
1262,1,0.05578480705098203
1263,1,0.014978070947719541
1264,1,0.1890657480256226
1265,1,0.13854557512384194
1266,1,0.13613136702142714
1267,1,0.02641305781876061
1268,1,0.00967226753511881
1269,1,0.013542903021894636
1270,1,0.1605132695640476
1271,1,0.03144975565143236
1272,1,0.13854557512384194
1273,1,0.1279513705224891
1274,1,0.004248429579558798
1275,1,0.09962575035409574
1276,1,0.017165697571015603
1277,1,0.1605132695640476
1278,1,0.1605132695640476
1279,1,0.12486079982946008
1280,1,0.1890657480256226
1281,1,0.014978070947719541
1282,1,0.1890657480256226
1283,1,0.03507215138568011
1284,1,0.004711042207791903
1285,1,0.09962573431658579
1286,1,0.02641304792224504
1287,1,0.03507215138568011
1288,1,0.13613136702142714
1289,1,0.02641304792224504
1290,1,0.13613136702142714
1291,1,0.03677739200930045
1292,1,0.057769129436121655
1293,1,0.009672270709589866
1294,1,0.014978070947719541
1295,1,0.009672273884067283
1296,1,0.1890657480256226
1297,1,0.01716570045838099
1298,1,0.11990119702659952
1299,1,0.0003073681106613034
1300,1,0.014978073903221903
1301,1,0.18906575899590186
1302,1,0.12795136377226404
1303,1,0.09962574748766183
1304,1,0.01132431302291916
1305,1,0.18906575899590186
1306,1,0.05578479619494662
1307,1,0.004715302954780517
1308,1,0.13613137955606572
1309,1,0.013542906026685142
1310,1,0.02641305781876061
1311,1,0.1605132695640476
1312,1,0.004715299733076646
1313,1,0.03144976594429283
1314,1,0.14228269831427873
1315,1,0.09962573431658579
1316,1,0.013874458291343605
1317,1,0.011324313272033351
1318,1,0.00824467598447319
1319,1,0.024552031090080008
1320,1,0.0003073639828418743
1321,1,0.12486079982946008
1322,1,0.057769129436121655
1323,1,0.00824467598447319
1324,1,0.004711042207791903
1325,1,0.1199011840534282
1326,1,0.1890657480256226
1327,1,0.014978070947719541
1328,1,0.004711042207791903
1329,1,0.1890657480256226
1330,1,0.013874455778829047
1331,1,0.022521349271327377
1332,1,0.013542903021894636
1333,1,0.057769129436121655
1334,1,0.024552031090080008
1335,1,0.09962575035409574
1336,1,0.13854554194410348
1337,1,0.03677738133561213
1338,1,0.01354291181762282
1339,1,0.026413065150143456
1340,1,0.014978067992210811
1341,1,0.0042484259146995185
1342,1,0.013542908812825952
1343,1,0.13613138741247
1344,1,0.12486081889443232
1345,1,0.057769128356962685
1346,1,0.004248418915290355
1347,1,0.011324316837188746
1348,1,0.013542908812825952
1349,1,0.013542908812825952
1350,1,0.031449771516350505
1351,1,0.004248422249840239
1352,1,0.011324314019375928
1353,1,0.011324310952448919
1354,1,0.18906579051423134
1355,1,0.14228272840310288
1356,1,0.0003073631478062964
1357,1,0.16943468652841578
1358,1,0.08030958430457825
1359,1,0.037154006535849354
1360,1,0.17124823700652664
1361,1,0.1036108342245635
1362,1,0.2161377414068317
1363,1,0.023448442083323286
1364,1,0.03601796726484714
1365,1,0.007743223490860268
1366,1,0.009060531939909825
1367,1,0.012625682677210119
1368,1,0.007743235250015051
1369,1,0.017701483306891374
1370,1,0.02344843929214146
1371,1,0.15735226080220807
1372,1,0.15735226080220807
1373,1,0.007204289303582451
1374,1,0.15835146155921767
1375,1,0.03715400604164428
1376,1,0.03164301731266268
1377,1,0.06053416815153173
1378,1,0.1274001560710982
1379,1,0.08030957815460003
1380,1,0.18433410501590577
1381,1,0.17124821719584862
1382,1,0.14810144159491076
1383,1,0.012625680300387326
1384,1,0.10361082474820221
1385,1,0.06053416815153173
1386,1,0.009060529708005291
1387,1,0.03715400604164428
1388,1,0.007204312675060453
1389,1,0.0024834906389122374
1390,1,0.029478201142799105
1391,1,0.2730003479651892
1392,1,0.06053415503627218
1393,1,0.029478201142799105
1394,1,0.026564205159170472
1395,1,0.0023222456825213247
1396,1,0.06053413845465909
1397,1,0.2730003060313465
1398,1,0.1843340639944321
1399,1,0.005554233084088631
1400,1,0.15735226080220807
1401,1,0.002322257058491207
1402,1,0.15735226080220807
1403,1,0.012625662184611926
1404,1,0.009060521383626428
1405,1,0.026564196033675002
1406,1,0.10361081248361885
1407,1,0.1694346669689122
1408,1,0.0033415820286955087
1409,1,0.15735226080220807
1410,1,0.03715399273967192
1411,1,0.007743247009176196
1412,1,0.0055542351534894905
1413,1,0.019151028689641157
1414,1,0.17124823700652664
1415,1,0.023448432715701836
1416,1,0.1274001690601428
1417,1,0.15835147944815872
1418,1,0.05440686701139146
1419,1,0.01915103133346077
1420,1,0.0024834872587934454
1421,1,0.01262568743084298
1422,1,0.029478207108628123
1423,1,0.02344844487451147
1424,1,0.17124822703964346
1425,1,0.003341567270278173
1426,1,0.20056156883658502
1427,1,0.14810148506758752
1428,1,0.02656421096541326
1429,1,0.15735223975075924
1430,1,0.0077432324039772606
1431,1,0.0177014815287281
1432,1,0.005554248015957116
1433,1,0.08030955256554209
1434,1,0.0033415787325598934
1435,1,0.059838349795817064
1436,1,0.059838349795817064
1437,1,0.0023222422892926965
1438,1,0.0024834872587934454
1439,1,0.08030957151004613
1440,1,0.15835146890843904
1441,1,0.029478210091542643
1442,1,0.1712482568172111
1443,1,0.1712482568172111
1444,1,0.0023222292167053202
1445,1,0.1712482568172111
1446,1,0.2161377253625975
1447,1,0.12740018204918738
1448,1,0.0024834741717965118
1449,1,0.20056159352651382
1450,1,0.026564216771668776
1451,1,0.2161377605000917
1452,1,0.007743219221797221
1453,1,0.08030959045456287
1454,1,0.03164301697395892
1455,1,0.18433410808460443
1456,1,0.18433410808460443
1457,1,0.007204295203940943
1458,1,0.01915103662109363
1459,1,0.15835145836871298
1460,1,0.136466881846002
1461,1,0.03715399372807568
1462,1,0.026564216771668776
1463,1,0.03601797675688178
1464,1,0.2161377605000917
1465,1,0.007743219221797221
1466,1,0.0055542521547715575
1467,1,0.08030955871551396
1468,1,0.27300033236759996
1469,1,0.2161377605000917
1470,1,0.14810150134357267
1471,1,0.18433409859640584
1472,1,0.002483472481737116
1473,1,0.03601797675688178
1474,1,0.1274001705016303
1475,1,0.17124824685032788
1476,1,0.060534161968985666
1477,1,0.012625692184475838
1478,1,0.054406876772775066
1479,1,0.2730003271684036
1480,1,0.002483472481737116
1481,1,0.15735225739451558
1482,1,0.002483472481737116
1483,1,0.136466881846002
1484,1,0.023448459824502926
1485,1,0.15835149733711254
1486,1,0.0371540208262255
1487,1,0.007204271832462946
1488,1,0.1274001705016303
1489,1,0.16943466641140295
1490,1,0.08030959045456287
1491,1,0.12740014596501592
1492,1,0.007204273278806484
1493,1,0.007204273278806484
1494,1,0.04827652630129093
1495,1,0.029478218928455042
1496,1,0.003341554159931826
1497,1,0.13646689317493557
1498,1,0.023402295841920558
1499,1,0.003341542697650106
1500,1,0.16943467646990618
1501,1,0.1712482568172111
1502,1,0.16943467646990618
1503,1,0.02947822776536744
1504,1,0.10361084370091841
1505,1,0.1712482568172111
1506,1,0.2161377253625975
1507,1,0.0024834741717965118
1508,1,0.02344846640093619
1509,1,0.005554260878424743
1510,1,0.009060549191925912
1511,1,0.1843341491060845
1512,1,0.15835149733711254
1513,1,0.14810150134357267
1514,1,0.20056159352651382
1515,1,0.003341552511860838
1516,1,0.15835149733711254
1517,1,0.02656422589715789
1518,1,0.1274001705016303
1519,1,0.0024834610847995773
1520,1,0.08030957766003072
1521,1,0.14810150134357267
1522,1,0.20056155127819603
1523,1,0.02947822191136956
1524,1,0.1274001705016303
1525,1,0.21613771734047726
1526,1,0.002483472481737116
1527,1,0.136466881846002
1528,1,0.009060551423836808
1529,1,0.04827654142407781
1530,1,0.06053419166587742
1531,1,0.136466881846002
1532,1,0.023448459824502926
1533,1,0.023402289255610744
1534,1,0.136466881846002
1535,1,0.136466881846002
1536,1,0.017701467323625684
1537,1,0.1274001705016303
1538,1,0.14810150134357267
1539,1,0.02656422589715789
1540,1,0.02656422589715789
1541,1,0.007743217798771964
1542,1,0.007743217798771964
1543,1,0.007743217798771964
1544,1,0.02947822191136956
1545,1,0.017701467323625684
1546,1,0.03729256745986645
1547,1,0.18433413961789233
1548,1,0.03729256745986645
1549,1,0.1274001705016303
1550,1,0.005554262947831964
1551,1,0.02947822191136956
1552,1,0.2161377605000917
1553,1,0.02656422589715789
1554,1,0.05983835318303642
1555,1,0.007204271832462946
1556,1,0.009060540867553412
1557,1,0.007743217798771964
1558,1,0.005554254224172417
1559,1,0.08030957766003072
1560,1,0.029478224894290438
1561,1,0.12740019503824468
1562,1,0.21613775247797143
1563,1,0.00248347079167772
1564,1,0.06053417855061151
1565,1,0.04827652817958084
1566,1,0.17124823688343832
1567,1,0.00248347079167772
1568,1,0.17124823688343832
1569,1,0.007204270386113048
1570,1,0.05983836974356894
1571,1,0.03164301680460387
1572,1,0.06053417855061151
1573,1,0.27300032196920726
1574,1,0.019151049019007806
1575,1,0.007204270386113048
1576,1,0.15835148679738648
1577,1,0.15735228556399325
1578,1,0.005554265017239184
1579,1,0.012625694561292268
1580,1,0.273000369102259
1581,1,0.20056157596812485
1582,1,0.13646689631483286
1583,1,0.0023222241268528367
1584,1,0.1712482666610123
1585,1,0.16943468597091288
1586,1,0.002483469101618324
1587,1,0.029478227877204947
1588,1,0.002322212750882955
1589,1,0.21613774445585754
1590,1,0.023448465406872933
1591,1,0.1712482666610123
1592,1,0.18433416166299446
1593,1,0.007204255807680616
1594,1,0.03729257383336528
1595,1,0.02344846819806112
1596,1,0.019151054306647028
1597,1,0.1481015066988386
1598,1,0.0033415361053661537
1599,1,0.00232221105426546
1600,1,0.02340229762993441
1601,1,0.0033415361053661537
1602,1,0.017701452229428902
1603,1,0.04589666266871468
1604,1,0.15835153311502018
1605,1,0.03164301655057764
1606,1,0.08030960275452571
1607,1,0.15835153311502018
1608,1,0.273000311570808
1609,1,0.01915106406074159
1610,1,0.012625719807529684
1611,1,0.0605342117138759
1612,1,0.037154035116614366
1613,1,0.17124825669412913
1614,1,0.13646692211261635
1615,1,0.17124825669412913
1616,1,0.20056160943725135
1617,1,0.026564234606534804
1618,1,0.05983834339694266
1619,1,0.012625719807529684
1620,1,0.02344847756568257
1621,1,0.0024834560146150286
1622,1,0.15735226451254433
1623,1,0.10361086265364101
1624,1,0.08030958381000895
1625,1,0.169434715588926
1626,1,0.1843341206414952
1627,1,0.019151061416921977
1628,1,0.002322212750882955
1629,1,0.017701453118523267
1630,1,0.026564231703407045
1631,1,0.1274001834906749
1632,1,0.18433416166299446
1633,1,0.06053419513224369
1634,1,0.0024834577046807856
1635,1,0.10361084091268997
1636,1,0.0090605558876586
1637,1,0.03729257876239944
1638,1,0.05440688631358217
1639,1,0.14810149042285345
1640,1,0.17124823688343832
1641,1,0.15835148679738648
1642,1,0.12740019503824468
1643,1,0.007204258700374049
1644,1,0.00334153940150813
1645,1,0.08030957766003072
1646,1,0.136466881846002
1647,1,0.017701454896692906
1648,1,0.2730003271684036
1649,1,0.005554265017239184
1650,1,0.002483449687862039
1651,1,0.009060561980126568
1652,1,0.17124824685032788
1653,1,0.0033415410495791177
1654,1,0.054406882986270604
1655,1,0.20056159352651382
1656,1,0.03601798501071788
1657,1,0.20056159352651382
1658,1,0.0024834513779214344
1659,1,0.060534175084251574
1660,1,0.026564232119519245
1661,1,0.005554271671491511
1662,1,0.08030957151004613
1663,1,0.17124822703964346
1664,1,0.031643017058630096
1665,1,0.1843341175727966
1666,1,0.15835150787683222
1667,1,0.023402302428230368
1668,1,0.08030960324908867
1669,1,0.012625707923434811
1670,1,0.0072042630394173815
1671,1,0.1712482667840943
1672,1,0.023402293050479337
1673,1,0.007743208885661332
1674,1,0.005554260878424743
1675,1,0.02344846640093619
1676,1,0.026564232119519245
1677,1,0.03715400703004806
1678,1,0.13646689317493557
1679,1,0.02947823660227985
1680,1,0.14810151226429827
1681,1,0.007204249907328486
1682,1,0.01262571030025124
1683,1,0.009060559748215673
1684,1,0.1573522679202432
1685,1,0.054406882765700444
1686,1,0.009060559748215673
1687,1,0.2161377253625975
1688,1,0.0023222178407417988
1689,1,0.037292577317941125
1690,1,0.059838349795817064
1691,1,0.054406882545130285
1692,1,0.12740015751257935
1693,1,0.17124822703964346
1694,1,0.036017986936543615
1695,1,0.036017986936543615
1696,1,0.02947823361935897
1697,1,0.15835147944815872
1698,1,0.08030958430457825
1699,1,0.16943468652841578
1700,1,0.04589666441235143
1701,1,0.17124823700652664
1702,1,0.2161377414068317
1703,1,0.1036108342245635
1704,1,0.08030956536006786
1705,1,0.060534184733157574
1706,1,0.012625713416091507
1707,1,0.060534184733157574
1708,1,0.04827653766749798
1709,9,-1
1710,1,0.007743201395569596
1711,1,0.15735226080220807
1712,1,0.0023222115546371225
1713,1,0.005554276256330255
1714,1,0.060534184733157574
1715,1,0.01770145845303854
1716,1,0.019151055308105226
1717,1,0.14810146879160874
1718,1,0.031643017227985154
1719,1,0.10361084648914685
1720,1,0.15735226080220807
1721,1,0.01262570316979559
1722,1,0.045896664993565796
1723,1,0.045896664993565796
1724,1,0.1481015069090387
1725,1,0.0024834678450435213
1726,1,0.05983834640859766
1727,1,0.060534184733157574
1728,1,0.002483456448105983
1729,1,0.01770145845303854
1730,1,0.01770145845303854
1731,1,0.08030959709911042
1732,1,0.003341536179574989
1733,1,0.10361084648914685
1734,1,0.15735226080220807
1735,1,0.019151055308105226
1736,1,0.0023222115546371225
1737,1,0.1694346669689122
1738,1,0.06053416815153173
1739,1,0.012625711039275076
1740,1,0.18433410501590577
1741,1,0.009060550820572088
1742,1,0.15835147209893735
1743,1,0.08030959094912583
1744,1,0.10361085875373022
1745,1,0.0023222132512546174
1746,1,0.01262570079297916
1747,1,0.009060550820572088
1748,1,0.029478224670615425
1749,1,0.1712482569402994
1750,1,0.059838359581910805
1751,1,0.06053416815153173
1752,1,0.036017985698357805
1753,1,0.18433414603737955
1754,1,0.2161377494289456
1755,1,0.01915104555401703
1756,1,0.18433413654918734
1757,1,0.02947822765352994
1758,1,0.031643017227985154
1759,1,0.2730003479651892
1760,1,0.15835148998788476
1761,1,0.01262570554661838
1762,1,0.1481014959883131
1763,1,0.017701457563950543
1764,1,0.04589665719095032
1765,1,0.16943468652841578
1766,1,0.2730002956329473
1767,1,0.02340229963678915
1768,1,0.0024834547580465877
1769,1,0.00555426753267707
1770,1,0.002322221233976788
1771,1,0.026564226313270094
1772,1,0.13646687870610474
1773,1,0.08030958430457825
1774,1,0.019151057951924837
1775,1,0.04827652442300739
1776,1,0.2730003427659928
1777,1,0.023448470186187634
1778,1,0.0024834661549777643
1779,1,0.10361085596550179
1780,1,0.2161377333847114
1781,1,0.0072042630394173815
1782,1,0.019151050841649888
1783,1,0.13646686737717117
1784,1,0.02656422921639785
1785,1,0.0265642383418806
1786,1,0.007743208885661332
1787,1,0.0265642383418806
1788,1,0.002483453067987192
1789,1,0.023448472977375814
1790,1,0.059838349795817064
1791,1,0.1843341175727966
1792,1,0.059838349795817064
1793,1,0.017701456674868905
1794,1,0.21613776852220565
1795,1,0.002483453067987192
1796,1,0.0265642383418806
1797,1,0.1364669045038691
1798,1,0.031643017058630096
1799,1,0.01915106059574445
1800,1,0.02947823361935897
1801,1,0.0055542803951446965
1802,1,0.0023222081613957727
1803,1,0.10361085596550179
1804,1,0.02656422921639785
1805,1,0.059838349795817064
1806,1,0.2161377333847114
1807,1,0.15735227844596447
1808,1,0.16943468652841578
1809,1,0.04826412976662902
1810,1,0.18314701133877798
1811,1,0.0366378178948673
1812,1,0.20771992082753946
1813,1,0.19924034525479828
1814,1,0.23225107639301856
1815,1,0.19924034525479828
1816,1,0.23225107639301856
1817,1,0.034887068974332136
1818,1,0.24958839737026708
1819,1,0.20771992082753946
1820,1,0.24958839737026708
1821,1,0.13310763430699013
1822,1,0.07532384131220521
1823,1,0.041742109868420536
1824,1,0.168658077825575
1825,1,0.153172571196685
1826,1,0.1992403511081244
1827,1,0.18314697947112593
1828,1,0.03663780399747514
1829,1,0.23225103607418046
1830,1,0.048264114158679365
1831,1,0.052678269291895556
1832,1,0.03488706774928831
1833,1,0.03820923177410368
1834,1,0.2077199370507538
1835,1,0.08367896960340591
1836,1,0.03663781636390262
1837,1,0.28730380446767784
1838,1,0.2495883572525482
1839,1,0.1531725873636755
1840,1,0.05676240155685985
1841,1,0.02719210653480736
1842,1,0.1531725873636755
1843,1,0.1531725873636755
1844,1,0.030556596351445524
1845,1,0.20031742131615304
1846,1,0.18269955752509634
1847,1,0.16865813676130617
1848,1,0.1257428015048272
1849,1,0.1331076613304527
1850,1,0.025848078343949966
1851,1,0.2873037536057994
1852,1,0.1331076613304527
1853,1,0.19924036281478302
1854,1,0.030556596351445524
1855,1,0.07532384410325262
1856,1,0.04174212000672706
1857,1,0.048395302504312385
1858,1,0.048264125127709306
1859,1,0.026612455991338328
1860,1,0.03820923177410368
1861,1,0.02719210653480736
1862,1,0.07532384410325262
1863,1,0.025848078343949966
1864,1,0.10482228579838718
1865,1,0.10482228579838718
1866,1,0.048264125127709306
1867,1,0.15759329490864918
1868,1,0.05676241309031279
1869,1,0.1531725873636755
1870,1,0.02719210653480736
1871,1,0.048264137256466
1872,1,0.034887080313671257
1873,1,0.05676241148933597
1874,1,0.15759330283011913
1875,1,0.036637815853581064
1876,1,0.1831470379982095
1877,1,0.2873037536057994
1878,1,0.18269960276981675
1879,1,0.05267828110974077
1880,1,0.20031742131615304
1881,1,0.1831469928008449
1882,1,0.16865809995497288
1883,1,0.2003174271184336
1884,1,0.18269956422387768
1885,1,0.19924036866810912
1886,1,0.20771994245849193
1887,1,0.1331076287860697
1888,1,0.24958840986910527
1889,1,0.10482228579838718
1890,1,0.02719210653480736
1891,1,0.1831469928008449
1892,1,0.1331076613304527
1893,1,0.048395302504312385
1894,1,0.025848078343949966
1895,1,0.1331076613304527
1896,1,0.1257428015048272
1897,1,0.2322510886766623
1898,1,0.03663780348714722
1899,1,0.18269955752509634
1900,1,0.025848078343949966
1901,1,0.2873037536057994
1902,1,0.18269960276981675
1903,1,0.24958836037725451
1904,1,0.0483953013391623
1905,1,0.030556582945092337
1906,1,0.19924032232647132
1907,1,0.034887067340938244
1908,1,0.030556596197789925
1909,1,0.23225104426328694
1910,1,0.2003174271184336
1911,1,0.08367898055030767
1912,1,0.04174210746844869
1913,1,0.030556596197789925
1914,1,0.026612456074547944
1915,1,0.04839528923615341
1916,1,0.20771994245849193
1917,1,0.20771994245849193
1918,1,0.05267827971768195
1919,1,0.2873038054213403
1920,1,0.2322510886766623
1921,1,0.18269960276981675
1922,1,0.15759329490864918
1923,1,0.15759329490864918
1924,1,0.048395302504312385
1925,1,0.19924036281478302
1926,1,0.03820923177410368
1927,1,0.16865813676130617
1928,1,0.05676241309031279
1929,1,0.0020865151089497205
1930,1,0.16865809257850692
1931,1,0.1257428015048272
1932,1,0.24958840674439894
1933,1,0.1257428015048272
1934,1,0.04174210746844869
1935,1,0.00975089110498889
1936,1,0.10482225670747347
1937,1,0.19924032232647132
1938,1,0.15317259544716438
1939,1,0.24958840986910527
1940,1,0.00975089110498889
1941,1,0.04537174523622135
1942,1,0.1331076287860697
1943,1,0.026612456074547944
1944,1,0.20771994245849193
1945,1,0.030556596197789925
1946,1,0.05267826789983673
1947,1,0.15317259544716438
1948,1,0.1575932593400671
1949,1,0.03820921840276261
1950,1,0.12695949496085893
1951,1,0.03663780297682566
1952,1,0.24958836037725451
1953,1,0.18269955752509634
1954,1,0.13310761977824248
1955,1,0.03663780348714722
1956,1,0.1826995960710354
1957,1,0.16865809257850692
1958,1,0.05676240155685985
1959,1,0.2873037536057994
1960,1,0.1257428015048272
1961,1,0.1531725873636755
1962,1,0.03820923177410368
1963,1,0.19924036281478302
1964,1,0.026612455991338328
1965,1,0.2873037536057994
1966,1,0.2873037536057994
1967,1,0.2322510886766623
1968,1,0.16865813676130617
1969,1,0.19924031647314522
1970,1,0.1257428015048272
1971,1,0.009750904355817921
1972,1,0.06370297091106837
1973,1,0.05267828110974077
1974,1,0.16865809257850692
1975,1,0.045371758547966955
1976,1,0.23225104016873685
1977,1,0.02584805132425777
1978,1,0.052678269291895556
1979,1,0.1257428015048272
1980,1,0.19924031647314522
1981,1,0.02584805132425777
1982,1,0.02584805132425777
1983,1,0.16865805577217372
1984,1,0.041742094930163974
1985,1,0.16865809995497288
1986,1,0.02584805132425777
1987,1,0.1831469928008449
1988,1,0.05267827971768195
1989,1,0.18269956422387768
1990,1,0.036637790100076624
1991,1,0.030556582945092337
1992,1,0.041742094930163974
1993,1,0.034887067340938244
1994,1,0.23225104426328694
1995,1,0.03820921840276261
1996,1,0.04180237376883609
1997,1,0.18269955752509634
1998,1,0.1531725873636755
1999,1,0.04826411299895262
2000,1,0.12695948568782292
2001,1,0.13310761977824248
2002,1,0.04826411299895262
2003,1,0.05676239002340689
2004,1,0.04826411299895262
2005,1,0.03663780297682566
2006,1,0.16865809995497288
2007,1,0.05267826789983673
2008,1,0.04180236124010565
2009,1,0.00975086233322703
2010,1,0.04174208239188562
2011,1,0.04826410087019594
2012,1,0.24958836037725451
2013,1,0.02584805132425777
2014,1,0.026612442521743388
2015,1,0.03820921900311027
2016,1,0.08367896960340591
2017,1,0.10482227564278694
2018,1,0.15759328698718564
2019,1,0.28730380351400897
2020,1,0.03820922020379924
2021,1,0.04826411531841248
2022,1,0.05676239322537328
2023,1,0.2322510804875686
2024,1,0.05267827207600684
2025,1,0.05676240475882623
2026,1,0.10482226548719308
2027,1,0.1992403511081244
2028,1,0.05676240475882623
2029,1,0.1992403511081244
2030,1,0.20031740971157927
2031,1,0.02719211380835847
2032,1,0.10482226548719308
2033,1,0.15759327906572201
2034,1,0.03663780450779034
2035,1,0.1992403511081244
2036,1,0.03055658340605275
2037,1,0.06370295275307566
2038,1,0.0020865118409157265
2039,1,0.03663780450779034
2040,1,0.23225103197963037
2041,1,0.02719211380835847
2042,1,0.03055658340605275
2043,1,0.24958840049497988
2044,1,0.24958840049497988
2045,1,0.20031740971157927
2046,1,0.045371735931371254
2047,1,0.0258480510652404
2048,1,0.045371735931371254
2049,1,0.045371735931371254
2050,1,0.12574282378544346
2051,1,0.034887055593255424
2052,1,0.10482226548719308
2053,1,0.15317261412750005
2054,1,0.05267827207600684
2055,1,0.20771992623527122
2056,1,0.05267827207600684
2057,1,0.04826410434937618
2058,1,0.153172571196685
2059,1,0.18314697947112593
2060,1,0.18314697947112593
2061,1,0.03055658340605275
2062,1,0.00975087331394589
2063,1,0.12695946714176365
2064,1,0.03820922020379924
2065,1,0.10482226548719308
2066,1,0.08367895865649144
2067,1,0.12574282378544346
2068,1,0.08367895865649144
2069,1,0.1992403106198127
2070,1,0.03663779112071974
2071,1,0.038209219603451576
2072,1,0.08367893207984019
2073,1,0.10482227564278694
2074,1,0.04174209573015459
2075,1,0.009750875584056058
2076,1,0.03488705477655529
2077,1,0.18269955752509634
2078,1,0.0836789430267483
2079,1,0.04826410087019594
2080,1,0.10482228579838718
2081,1,0.24958836037725451
2082,1,0.23225104426328694
2083,1,0.20771994245849193
2084,1,0.05267826789983673
2085,1,0.05267826789983673
2086,1,0.12695949496085893
2087,1,0.18269956422387768
2088,1,0.03820921840276261
2089,1,0.041742094130173366
2090,1,0.1575932237714978
2091,1,0.1531726035306596
2092,1,0.19924032817979745
2093,1,0.05676238682144686
2094,1,0.07532381893279087
2095,1,0.08367896492056452
2096,1,0.02661242921857404
2097,1,0.2873037555131308
2098,1,0.2003173864691096
2099,1,0.08367895397365639
2100,1,0.12574281080536914
2101,1,0.025848037943926715
2102,1,0.038209205631769196
2103,1,0.1831469994657012
2104,1,0.1331076287860697
2105,1,0.08367895397365639
2106,1,0.04839527713313816
2107,1,0.10482229595398104
2108,1,0.04537172061617471
2109,1,0.1575932593400671
2110,1,0.183146954268343
2111,1,0.16865806314863968
2112,1,0.13310759624168036
2113,1,0.18269952567794503
2114,1,0.02661242921857404
2115,1,0.1331076377938842
2116,1,0.2495884129938116
2117,1,0.20031734001749874
2118,1,0.0482640875817125
2119,1,0.0567623768889771
2120,1,0.1826995189791573
2121,1,0.1831469994657012
2122,1,0.04839526503012292
2123,1,0.026612429135364424
2124,1,0.2003173806668227
2125,1,0.2873037545594619
2126,1,0.15317259544716438
2127,1,0.183146954268343
2128,1,0.03488702842275193
2129,1,0.0567623768889771
2130,1,0.19924032232647132
2131,1,0.19924032232647132
2132,1,0.05267824426414631
2133,1,0.03488704139547858
2134,1,0.026612429135364424
2135,1,0.15317259544716438
2136,1,0.19924032232647132
2137,1,0.1575932593400671
2138,1,0.026612442604959364
2139,1,0.19924032232647132
2140,1,0.06370293593088244
2141,1,0.1575932593400671
2142,1,0.030556569692388392
2143,1,0.038209205631769196
2144,1,0.05676238842243005
2145,1,0.15317259544716438
2146,1,0.2003173806668227
2147,1,0.15317259544716438
2148,1,0.03820921840276261
2149,1,0.025848037943926715
2150,1,0.045371732926198026
2151,1,0.18269956422387768
2152,1,0.026612442604959364
2153,1,0.026612442604959364
2154,1,0.06370293593088244
2155,1,0.12695949496085893
2156,1,0.23225104426328694
2157,1,0.04839528923615341
2158,1,0.2495883635019673
2159,1,0.23225104835783697
2160,1,0.2495884129938116
2161,1,0.1831469994657012
2162,1,0.025848037943926715
2163,1,0.2003173864691096
2164,1,0.18314696093320562
2165,1,0.1257428201059047
2166,1,0.1257428201059047
2167,1,0.05676238682144686
2168,1,0.08367896492056452
2169,1,0.15317256868334622
2170,1,0.04839528690585322
2171,1,0.04839527480284434
2172,1,0.026612429301790027
2173,1,0.04839527480284434
2174,1,0.05267825329788023
2175,1,0.15317261161414847
2176,1,0.0453717309227471
2177,1,0.025848038202950445
2178,1,0.027192144460646175
2179,1,0.036637776202690826
2180,1,0.041802347105380395
2181,1,0.19924028769149216
2182,1,0.12695947242467157
2183,1,0.05267825329788023
2184,1,0.038209204431080224
2185,1,0.06370292104448684
2186,1,0.034887040578784806
2187,1,0.009750835831575334
2188,1,0.025848024563595664
2189,1,0.045371719614452424
2190,1,0.15759318820293486
2191,1,0.027192144460646175
2192,1,0.05676237368701708
2193,1,0.05267824148003502
2194,1,0.12574278852475926
2195,1,0.04174207999192014
2196,1,0.05267824148003502
2197,1,0.10482227701866122
2198,1,0.08367893834390688
2199,1,0.03663776332593544
2200,1,0.23225100394446793
2201,1,0.0418023345766563
2202,1,0.2873037555131308
2203,1,0.2873037555131308
2204,1,0.03820919226043449
2205,1,0.12695946315164194
2206,1,0.20031734001749874
2207,1,0.041742069053610276
2208,1,0.04537172061617471
2209,1,0.0482640875817125
2210,1,0.009750849082398
2211,1,0.12695946315164194
2212,1,0.2495883635019673
2213,1,0.1257427792242237
2214,1,0.19924028183815967
2215,1,0.10482226686306735
2216,1,0.048395275967994436
2217,1,0.23225104835783697
2218,1,0.12695946315164194
2219,1,0.18269952567794503
2220,1,0.10482226686306735
2221,1,0.08367896492056452
2222,1,0.052678242872093835
2223,1,0.027192131818704147
2224,1,0.1257427792242237
2225,1,0.10482226686306735
2226,1,0.1531726035306596
2227,1,0.04826407545294946
2228,1,0.20031734001749874
2229,1,0.009750849082398
2230,1,0.030556556286028852
2231,1,0.2873037555131308
2232,1,0.04826408642198576
2233,1,0.034887040578784806
2234,1,0.038209204431080224
2235,1,0.15759323169296774
2236,1,0.04174206825362603
2237,1,0.15317256868334622
2238,1,0.038209204431080224
2239,1,0.18269953237672
2240,1,0.05676238522047002
2241,1,0.15759323169296774
2242,1,0.18269953237672
2243,1,0.002086475610076618
2244,1,0.036637776202690826
2245,1,0.12695947242467157
2246,1,0.23225100394446793
2247,1,0.12574278852475926
2248,1,0.027192111903217374
2249,1,0.04839527480284434
2250,1,0.24958836662667996
2251,1,0.13310760524950122
2252,1,0.18314696759805557
2253,1,0.08367893834390688
2254,1,0.03055656923142798
2255,1,0.12695944061546097
2256,1,0.041742091730207875
2257,1,0.041742091730207875
2258,1,0.041802358028096974
2259,1,0.03663778805879676
2260,1,0.28730375742046854
2261,1,0.08615798383832036
2262,1,0.20250204537229377
2263,1,0.26898022803978455
2264,1,0.11249806016078988
2265,1,0.20479103656093292
2266,1,0.03227111025495295
2267,1,0.16722854894933947
2268,1,0.20479103538332383
2269,1,0.1015506468607234
2270,1,0.10155734333975266
2271,1,0.025658024179967386
2272,1,0.025658024179967386
2273,1,0.20250209426199084
2274,1,0.16722854561667488
2275,1,0.08615798128634328
2276,1,0.11249807396934985
2277,1,0.20479103420572112
2278,1,0.24948695728106302
2279,1,0.08531610474967503
2280,1,0.16722854228400397
2281,1,0.08615798128634328
2282,1,0.08531610474967503
2283,1,0.08956457486445654
2284,1,0.07505031182492744
2285,1,0.20479103420572112
2286,1,0.19080806911763742
2287,1,0.032271100215516955
2288,1,0.0256580361686353
2289,1,0.08956457486445654
2290,1,0.0256580011942179
2291,1,0.19080806911763742
2292,1,0.2146880575593885
2293,1,0.1015573293423303
2294,1,0.11249807396934985
2295,1,0.1552668366411698
2296,1,0.1052077315796666
2297,1,0.22564976853146915
2298,1,0.22564976853146915
2299,1,0.075050298640198
2300,1,0.1356815482867416
2301,1,0.09477894410968872
2302,1,0.0647445246556228
2303,1,0.07576490989832387
2304,1,0.025658024179967386
2305,1,0.1552668366411698
2306,1,0.03227108801674316
2307,1,0.11249806087773224
2308,1,0.09477894410968872
2309,1,0.16722854561667488
2310,1,0.0647445246556228
2311,1,0.11249806087773224
2312,1,0.1751138425164131
2313,1,0.2689802335187412
2314,1,0.11249804778610824
2315,1,0.08956457486445654
2316,1,0.16722854561667488
2317,1,0.08531610474967503
2318,1,0.15526683263921195
2319,1,0.17511388941234365
2320,1,0.19080806911763742
2321,1,0.0256580011942179
2322,1,0.06474453759873638
2323,1,0.11106569939897003
2324,1,0.08956455942221599
2325,1,0.02565801318288581
2326,1,0.1052077183678984
2327,1,0.26898023899768514
2328,1,0.08615799459552836
2329,1,0.11106569967270044
2330,1,0.15526682863725408
2331,1,0.17511388652127693
2332,1,0.03227111241429712
2333,1,0.06474455054185
2334,1,0.2047910330281184
2335,1,0.21874248142081257
2336,1,0.26898023899768514
2337,1,0.13568153820873188
2338,1,0.06474451925021682
2339,1,0.21468810855777395
2340,1,0.08956457275496778
2341,1,0.07576493626750871
2342,1,0.10155065973850126
2343,1,0.08531613138612859
2344,1,0.20479103185051567
2345,1,0.11106572599928446
2346,1,0.26898023899768514
2347,1,0.10155734274057725
2348,1,0.06474456889036957
2349,1,0.24339607733538868
2350,1,0.09477895749089617
2351,1,0.24339607733538868
2352,1,0.10155735673799961
2353,1,0.2146881097410042
2354,1,0.03227112245372675
2355,1,0.11106571228853163
2356,1,0.1552668366411698
2357,1,0.16722854561667488
2358,1,0.02565805915437207
2359,1,0.07505032903716102
2360,1,0.07505032903716102
2361,1,0.04419020343430071
2362,1,0.13568150118418668
2363,1,0.21874248211983918
2364,1,0.2689802335187412
2365,1,0.0895645903066971
2366,1,0.10155734333975266
2367,1,0.19080807111067646
2368,1,0.21874248211983918
2369,1,0.07576492701108675
2370,1,0.20479103538332383
2371,1,0.17511389230339763
2372,1,0.10155734333975266
2373,1,0.22564976853146915
2374,1,0.22564976853146915
2375,1,0.03227114469193656
2376,1,0.10520769313610003
2377,1,0.07576494412384326
2378,1,0.03227113249316275
2379,1,0.1110657117410708
2380,1,0.11249807325240753
2381,1,0.20250209688897322
2382,1,0.03227113249316275
2383,1,0.21874253487013257
2384,1,0.07576494412384326
2385,1,0.24339607504885352
2386,1,0.26898028611916
2387,1,0.1908080731037155
2388,1,0.08531613671674053
2389,1,0.10155735733717502
2390,1,0.17511384829854013
2391,1,0.08615797052913528
2392,1,0.06474453006102243
2393,1,0.20479098613866262
2394,1,0.17511389808551836
2395,1,0.08615797052913528
2396,1,0.2146880593342307
2397,1,0.10155064746445112
2398,1,0.17511389808551836
2399,1,0.15526684464508556
